id,symbol,input_kind,timestamp,aligned_session,status,reason,n_estimation,n_event,ar_day,car,car_se
asts-001,ASTS,historical,,,excluded,announcement_unverified,0,0,,,
asts-002,ASTS,historical,,,excluded,announcement_unverified,0,0,,,
asts-003,ASTS,historical,,,excluded,announcement_unverified,0,0,,,
asts-004,ASTS,historical,,,excluded,announcement_unverified,0,0,,,
asts-005,ASTS,historical,,,excluded,announcement_unverified,0,0,,,
asts-006,ASTS,historical,,,excluded,announcement_unverified,0,0,,,
lunr-001,LUNR,historical,2024-02-22T18:23:00-05:00,2024-02-23,excluded,missing_stock_or_benchmark,0,0,,,
lunr-002,LUNR,historical,,,excluded,announcement_unverified,0,0,,,
lunr-003,LUNR,historical,,,excluded,announcement_unverified,0,0,,,
lunr-004,LUNR,historical,,,excluded,announcement_unverified,0,0,,,
lunr-005,LUNR,historical,,,excluded,announcement_unverified,0,0,,,
rklb-001,RKLB,historical,,,excluded,announcement_unverified,0,0,,,
rklb-002,RKLB,historical,,,excluded,announcement_unverified,0,0,,,
rklb-003,RKLB,historical,,,excluded,announcement_unverified,0,0,,,
rklb-004,RKLB,historical,,,excluded,announcement_unverified,0,0,,,
rklb-005,RKLB,historical,,,excluded,announcement_unverified,0,0,,,
rklb-006,RKLB,historical,,,excluded,announcement_unverified,0,0,,,
rklb-007,RKLB,historical,,,excluded,announcement_unverified,0,0,,,
synthetic-control,CONTROL,synthetic,2024-02-22T18:23:00-05:00,2024-02-23,included,,120,8,0,0,6.35767437283e-20
synthetic-shock,SHOCK,synthetic,2024-02-22T18:23:00-05:00,2024-02-23,included,,120,8,0.05,0.05,6.35767437283e-20
